Time (s), Cell Name, Value
2.847777, C000, 15.23449
34.523051, C000, 9.814228
38.420009, C000, 10.38784
41.117903, C000, 17.68879
50.510571, C000, 11.17024
50.760376, C000, 7.557401
65.548832, C000, 30.80201
66.398168, C000, 14.45249
108.015682, C000, 26.0288
136.743257, C000, 14.65006
137.942321, C000, 19.50731
138.541853, C000, 7.671535
167.419311, C000, 10.22987
167.968882, C000, 10.17299
170.217127, C000, 22.49493
198.944702, C000, 25.31357
265.79252, C000, 16.97401
266.392051, C000, 10.78823
286.975984, C000, 16.56441
287.625477, C000, 7.854371
303.26327, C000, 13.36697
336.787101, C000, 9.669187
357.321072, C000, 9.310913
357.670799, C000, 17.64905
380.20321, C000, 15.59858
400.537337, C000, 18.04224
430.264132, C000, 12.92226
430.713781, C000, 24.53771
462.389055, C000, 11.2137
462.788743, C000, 10.22607
464.237612, C000, 9.492662
464.537378, C000, 9.264698
492.215772, C000, 11.14386
492.61546, C000, 17.536
495.063549, C000, 20.0205
531.235313, C000, 8.609434
572.05345, C000, 12.77827
572.603021, C000, 13.69709
586.741984, C000, 8.345205
625.01211, C000, 14.90439
685.215115, C000, 13.63339
685.764686, C000, 7.72102
758.457941, C000, 22.62755
799.625805, C000, 17.18519
827.504043, C000, 8.459329
827.803809, C000, 14.41053
844.940432, C000, 9.126911
846.489223, C000, 28.63227
863.575885, C000, 20.46405
929.974054, C000, 16.66554
930.573586, C000, 10.7881
934.470544, C000, 18.06308
936.8686719999999, C000, 23.07483
939.016995, C000, 19.47249
939.616527, C000, 8.150764
11.640913, C001, 14.92184
11.940679, C001, 11.57406
19.234985, C001, 13.45903
19.534751, C001, 13.59781
53.45827, C001, 13.21834
55.656554, C001, 17.058
81.636274, C001, 11.38789
87.63159400000001, C001, 19.26324
112.312328, C001, 10.74732
130.997741, C001, 20.31955
144.137485, C001, 16.0854
165.171066, C001, 10.80226
639.350917, C001, 15.55607
674.923149, C001, 11.54988
70.94462, C002, 56.55102
10.941459, C004, 4.901065
16.587052, C004, 4.943097
39.619073, C004, 5.837361
50.610493, C004, 5.134933
156.278008, C004, 4.59883
197.34595, C004, 4.804074
198.045404, C004, 4.732535
200.193727, C004, 5.257063
203.191387, C004, 4.896819
243.110226, C004, 4.929214
302.913543, C004, 4.777534
314.554456, C004, 4.739877
360.118888, C004, 5.307358
373.758241, C004, 4.991045
400.637259, C004, 5.323029
447.600599, C004, 4.612793
540.777864, C004, 4.749883
610.973069, C004, 5.141929
735.375959, C004, 4.609669
780.041093, C004, 4.936896
795.87873, C004, 5.443689
800.575064, C004, 5.635143
898.248819, C004, 4.758216
921.78045, C004, 4.809459
153.779958, C005, 54.55706
187.303789, C005, 52.9373
323.997085, C005, 42.54777
386.048647, C005, 59.94594
478.826224, C005, 47.31217
913.137197, C005, 62.00726
81.086703, C006, 34.55484
184.505973, C006, 43.44632
262.345211, C006, 12.33327
263.394391, C006, 40.92836
263.943963, C006, 7.605282
285.876842, C006, 34.41148
311.406913, C006, 33.13728
349.727, C006, 52.6291
471.382035, C006, 24.29812
499.560039, C006, 42.59896
564.958988, C006, 41.72303
652.041011, C006, 31.71578
709.895849, C006, 55.5585
710.745186, C006, 15.7187
711.144874, C006, 13.47929
713.992651, C006, 21.19425
809.86781, C006, 22.97556
810.217537, C006, 30.01884
810.86703, C006, 8.58363
824.8561099999999, C006, 39.81568
871.669567, C006, 35.71494
872.169177, C006, 42.64023
873.967773, C006, 25.73926
876.116096, C006, 19.21217
886.358101, C006, 7.037035
4.04684, C007, 3.982335
7.49415, C007, 3.97896
21.383308, C007, 4.054657
25.629993, C007, 5.370806
27.97816, C007, 3.755935
35.97192, C007, 3.740763
41.317747, C007, 3.862322
80.43720999999999, C007, 4.37417
94.676095, C007, 4.637499
97.823638, C007, 5.050656
105.41771, C007, 3.922086
106.067203, C007, 3.776214
136.39353, C007, 4.58088
163.072704, C007, 4.686344
168.768258, C007, 4.974032
171.316269, C007, 5.244707
172.615255, C007, 3.912619
188.552814, C007, 4.323297
194.747978, C007, 4.829522
198.794819, C007, 3.810861
199.244468, C007, 3.900296
223.775319, C007, 3.863369
246.407652, C007, 5.033545
322.048606, C007, 4.453495
331.091547, C007, 4.304648
336.637218, C007, 3.946129
340.933864, C007, 3.833519
345.780081, C007, 3.894655
371.110308, C007, 4.47021
415.425715, C007, 5.05871
431.66304, C007, 4.298677
433.011987, C007, 3.852198
459.041668, C007, 4.351928
464.387495, C007, 5.276004
485.570959, C007, 3.726128
487.819204, C007, 4.279126
496.562379, C007, 3.926907
497.261833, C007, 6.144744
580.646742, C007, 6.471524
588.890307, C007, 4.464793
589.339956, C007, 4.679505
590.139332, C007, 4.80598
603.7287240000001, C007, 4.401062
638.301736, C007, 3.71998
649.942649, C007, 5.003271
651.691284, C007, 3.868111
662.832587, C007, 3.951968
664.031651, C007, 3.7624
665.180754, C007, 3.940002
668.528141, C007, 4.541177
685.864608, C007, 4.030576
689.411839, C007, 4.378972
706.44854, C007, 3.786791
711.644484, C007, 4.022738
712.693665, C007, 4.596993
775.244837, C007, 4.253854
775.944291, C007, 3.913161
816.7124669999999, C007, 4.056274
827.703887, C007, 3.775327
876.965433, C007, 4.414909
905.9927740000001, C007, 3.882864
908.490824, C007, 4.030512
913.037275, C007, 4.274014
929.624327, C007, 3.917036
939.366722, C007, 4.148634
204.040724, C008, 81.98317
270.78862, C008, 81.17912
611.572601, C008, 56.35616
802.973192, C008, 68.38715
851.984933, C008, 51.11695
29.377068, C009, 39.0917
31.47543, C009, 41.2307
56.95554, C009, 34.15572
81.53635199999999, C009, 37.69269
82.885299, C009, 34.28139
88.031282, C009, 23.54578
102.320128, C009, 47.49257
110.213966, C009, 24.41267
111.812718, C009, 30.14237
117.957921, C009, 22.08036
130.94778, C009, 21.31016
140.939981, C009, 27.85858
164.37169, C009, 21.47406
172.465372, C009, 35.78171
177.661316, C009, 26.82876
217.580155, C009, 24.35916
236.715218, C009, 23.97637
237.864321, C009, 34.88601
268.990024, C009, 24.77596
274.685578, C009, 38.72369
293.420953, C009, 33.14423
312.156328, C009, 23.83523
329.592717, C009, 31.60604
350.276571, C009, 26.07362
362.467055, C009, 23.42466
364.015846, C009, 26.73941
389.895644, C009, 23.56186
395.091588, C009, 23.77373
397.839443, C009, 26.8994
404.933905, C009, 21.80678
442.804343, C009, 36.44724
498.560819, C009, 36.6741
533.483558, C009, 26.47166
562.111211, C009, 21.65534
564.5593, C009, 47.28719
606.126852, C009, 21.54533
612.721704, C009, 41.15905
632.855987, C009, 25.27364
690.560942, C009, 22.5267
693.358758, C009, 22.74246
704.4501, C009, 41.31
730.829508, C009, 36.59752
752.162855, C009, 35.16615
755.959891, C009, 22.34052
760.206576, C009, 40.64685
762.354899, C009, 26.14946
765.40252, C009, 23.80327
781.4400010000001, C009, 30.35807
796.8779500000001, C009, 37.35138
802.0239330000001, C009, 31.95377
803.37288, C009, 28.03214
838.195697, C009, 30.88729
839.594605, C009, 36.12516
886.30814, C009, 33.3508
906.842111, C009, 24.52994
938.3675019999999, C009, 21.68121
114.860339, C010, 34.63003
116.209286, C010, 58.84285
117.108584, C010, 34.78901
119.956361, C010, 50.11903
121.605074, C010, 68.20317
205.389671, C010, 23.26813
271.388152, C010, 25.72717
274.935383, C010, 31.67362
275.884642, C010, 46.25283
277.583316, C010, 47.71449
280.381132, C010, 30.09173
283.478714, C010, 25.94911
295.819081, C010, 30.99088
319.100907, C010, 32.09157
462.039328, C010, 40.47077
466.835584, C010, 52.29556
468.334414, C010, 76.09368
475.478837, C010, 37.98317
503.60688, C010, 28.56101
504.855905, C010, 26.08209
507.503838, C010, 51.03237
540.677942, C010, 29.73111
547.272794, C010, 42.29861
575.101071, C010, 46.03362
575.950408, C010, 39.07668
577.399277, C010, 25.77782
578.398497, C010, 25.28416
583.444558, C010, 21.32138
644.596822, C010, 22.8652
647.044911, C010, 34.39156
687.363438, C010, 45.17288
689.112073, C010, 72.81785
692.95907, C010, 33.63597
752.112894, C010, 29.70373
754.211256, C010, 39.4584
755.5102419999999, C010, 21.87986
760.356459, C010, 84.5099
762.2549770000001, C010, 22.21428
764.053573, C010, 21.96111
766.301818, C010, 29.19597
772.39706, C010, 30.68615
812.615665, C010, 48.81702
814.414261, C010, 51.43869
887.707048, C010, 34.98592
890.80463, C010, 36.81973
903.344841, C010, 34.99038
904.344061, C010, 33.13627
907.091916, C010, 26.6867
65.049222, C012, 10.73043
392.893304, C012, 14.53517
479.475717, C012, 10.78481
498.011248, C012, 11.21136
505.655281, C012, 12.58832
722.535982, C012, 11.27817
830.201937, C012, 12.00387
89.779917, C013, 7.842754
4.346607, C015, 7.146611
19.035141, C015, 6.451843
50.860298, C015, 11.0623
84.48405099999999, C015, 6.430667
90.129644, C015, 6.188297
172.315489, C015, 6.656851
188.402931, C015, 6.558414
202.891621, C015, 6.7843
217.280389, C015, 6.657087
238.214048, C015, 7.976932
256.549735, C015, 7.88603
276.733979, C015, 6.450374
302.713699, C015, 7.414427
343.581797, C015, 6.42451
344.581017, C015, 10.91607
355.622398, C015, 7.202367
362.017406, C015, 7.359371
364.115768, C015, 6.240836
404.833983, C015, 6.960835
427.016667, C015, 8.204244
479.225912, C015, 6.810535
483.872285, C015, 8.717508
517.14631, C015, 6.498393
523.041708, C015, 7.33459
582.845026, C015, 7.34655
595.285315, C015, 8.226692
607.775565, C015, 7.201516
633.9551290000001, C015, 6.711687
638.251775, C015, 7.755922
648.044131, C015, 7.710698
693.808407, C015, 6.967412
731.42904, C015, 9.954458
740.322098, C015, 8.967136
770.648425, C015, 6.981837
801.87405, C015, 6.88433
802.423621, C015, 7.947384
819.959932, C015, 6.789201
836.047374, C015, 7.710603
837.84597, C015, 9.204393
849.386961, C015, 7.632965
864.82491, C015, 6.354416
866.623506, C015, 6.861693
903.144997, C015, 7.33863
43.615953, C016, 133.8291
46.114003, C016, 95.87134
47.063262, C016, 14.28992
47.46295, C016, 11.60593
107.216306, C016, 82.70374
128.799457, C016, 38.03663
230.919742, C016, 76.09815
440.15641, C016, 38.81155
476.478057, C016, 28.38784
656.937189, C016, 20.62311
700.003571, C016, 52.43042
720.2377760000001, C016, 57.6676
756.459501, C016, 58.26883
864.175417, C016, 38.05706
880.412742, C016, 110.9116
929.424483, C016, 74.92612
102.91966, C017, 7.079688
212.284289, C017, 6.982303
310.207849, C017, 7.826612
398.588858, C017, 7.684732
584.493739, C017, 6.762727
89.67999500000001, C018, 10.99044
249.30539, C018, 8.714222
249.555195, C018, 8.682632
565.658442, C018, 10.18368
2.847777, C019, 49.84543
6.644813, C019, 65.38258
198.145326, C019, 37.23763
308.059526, C019, 59.68599
400.487376, C019, 48.32518
407.282072, C019, 72.92949
572.05345, C019, 53.19035
682.167494, C019, 32.77717
699.404039, C019, 6.859541
783.288558, C019, 34.48372
796.37834, C019, 9.119451
917.184038, C019, 9.616969
939.316761, C019, 60.8087
27.578472, C020, 14.84824
37.071062, C020, 12.50088
51.210025, C020, 8.368979
52.758816, C020, 8.797895
78.188965, C020, 8.44834
92.377889, C020, 51.2654
152.730777, C020, 50.0129
202.192167, C020, 8.383473
218.879141, C020, 53.61926
235.216388, C020, 18.11603
251.004064, C020, 60.05714
266.092286, C020, 10.11018
286.426413, C020, 54.9016
318.25157, C020, 20.84474
322.498255, C020, 55.57411
354.423334, C020, 53.58593
368.462375, C020, 50.04656
384.20009, C020, 59.78648
389.945605, C020, 18.97667
395.19151, C020, 22.5781
400.587298, C020, 31.84728
400.937025, C020, 19.78557
418.922985, C020, 55.87158
449.898805, C020, 47.95436
464.537378, C020, 39.21913
477.827004, C020, 55.88461
514.348494, C020, 46.85852
553.06827, C020, 52.8503
593.087031, C020, 55.9214
608.724824, C020, 51.49965
625.01211, C020, 57.10761
633.855207, C020, 28.886
635.603842, C020, 40.64123
641.599162, C020, 45.77089
642.49846, C020, 8.731869
658.336097, C020, 52.19241
700.603103, C020, 49.20274
740.521942, C020, 51.24182
757.40876, C020, 59.21215
777.593004, C020, 43.71742
779.241717, C020, 23.89895
827.054394, C020, 44.76094
844.191017, C020, 38.0449
863.276119, C020, 52.34713
864.974793, C020, 18.60935
909.240239, C020, 50.53058
1.948479, C021, 24.57837
17.48635, C021, 33.0733
152.231167, C021, 26.94355
251.753479, C021, 26.88447
262.145367, C021, 11.04917
287.975204, C021, 31.66417
354.023646, C021, 29.3575
379.953405, C021, 27.8751
459.891005, C021, 23.3557
479.026068, C021, 21.61968
572.05345, C021, 15.84236
604.178373, C021, 28.53885
637.952009, C021, 19.56897
661.583562, C021, 30.20612
702.4516599999999, C021, 32.19491
740.971591, C021, 30.52461
795.728847, C021, 24.84617
864.774949, C021, 29.88041
932.27226, C021, 32.08752
1.448869, C022, 21.86138
10.99142, C022, 16.24167
26.029681, C022, 22.71774
27.728355, C022, 20.31774
36.97114, C022, 24.99602
51.210025, C022, 18.53517
52.708855, C022, 16.29876
75.391149, C022, 12.55065
78.23892600000001, C022, 24.55615
79.238146, C022, 10.41147
107.965721, C022, 27.43664
109.214746, C022, 12.23044
130.248326, C022, 27.47627
138.39197, C022, 23.74452
140.090644, C022, 11.06022
153.829919, C022, 20.85766
169.167946, C022, 11.92507
170.86662, C022, 16.83535
187.203867, C022, 23.68049
199.744078, C022, 26.52403
200.793259, C022, 19.21381
202.242128, C022, 23.64655
219.978283, C022, 17.67793
232.718338, C022, 20.56602
234.466973, C022, 19.62762
266.142247, C022, 23.16434
303.812841, C022, 21.66587
310.457654, C022, 22.06796
324.146968, C022, 22.47492
338.835502, C022, 26.41397
342.982265, C022, 22.94419
346.979145, C022, 24.04339
348.477975, C022, 17.97034
367.912804, C022, 22.81911
369.261751, C022, 17.1526
386.148569, C022, 25.83376
401.636479, C022, 28.38501
420.17201, C022, 14.83781
420.371854, C022, 18.58189
433.061948, C022, 20.44506
465.236832, C022, 24.69343
478.876185, C022, 27.8998
497.061989, C022, 22.26361
531.535079, C022, 28.69639
532.2345330000001, C022, 13.88718
571.503879, C022, 20.55511
573.402397, C022, 21.84944
594.685783, C022, 23.26477
609.923888, C022, 26.31185
625.661603, C022, 22.37186
642.598382, C022, 26.43253
685.414959, C022, 30.73677
701.8021670000001, C022, 21.01033
719.3884389999999, C022, 27.09548
722.43606, C022, 24.89218
729.730366, C022, 22.70621
731.828728, C022, 19.38166
735.226076, C022, 25.66222
737.874009, C022, 18.8993
743.269797, C022, 24.51444
758.757707, C022, 25.49585
799.326039, C022, 34.64996
800.275298, C022, 15.51992
817.411921, C022, 15.90808
819.210517, C022, 14.18665
822.957592, C022, 25.51897
825.6055249999999, C022, 11.57332
846.988833, C022, 17.86343
883.1605970000001, C022, 21.53212
883.9100120000001, C022, 14.33969
885.009154, C022, 15.73907
934.7203490000001, C022, 16.98519
1.848557, C023, 7.68869
2.248245, C023, 4.540165
3.197504, C023, 5.992936
3.747075, C023, 4.870244
4.49649, C023, 4.605986
5.545671, C023, 3.684586
6.245125, C023, 5.565756
6.744735, C023, 4.620634
8.493370000000001, C023, 4.322833
9.392668, C023, 3.751491
19.085102, C023, 4.185338
21.48323, C023, 4.707073
25.48011, C023, 7.035064
26.629213, C023, 5.079029
30.026561, C023, 4.002551
37.97036, C023, 4.820398
58.254526, C023, 4.477095
67.647194, C023, 4.550037
68.496531, C023, 3.971691
77.28966699999999, C023, 3.671338
81.33650799999999, C023, 5.425709
89.63003399999999, C023, 4.282746
90.92901999999999, C023, 4.623448
91.778357, C023, 3.616538
95.92512000000001, C023, 3.554643
99.322468, C023, 4.076353
110.963381, C023, 4.472086
112.512172, C023, 3.618402
116.159325, C023, 4.957094
123.053943, C023, 4.400455
128.000081, C023, 3.925505
129.648795, C023, 3.569325
132.196806, C023, 4.095157
135.89392, C023, 3.887638
140.939981, C023, 3.563717
141.139825, C023, 3.741351
146.685496, C023, 4.378338
152.031323, C023, 4.295605
155.178866, C023, 4.352105
160.324849, C023, 3.601655
186.004803, C023, 3.960481
189.002463, C023, 4.074983
193.84868, C023, 4.40116
196.546574, C023, 3.77592
212.184367, C023, 4.210084
214.182807, C023, 4.583746
220.278049, C023, 4.591991
230.570015, C023, 3.864795
235.016544, C023, 3.59656
245.758159, C023, 4.257666
250.204688, C023, 5.567973
251.903362, C023, 8.707173
253.901802, C023, 4.836321
255.900242, C023, 3.556905
264.693378, C023, 4.062702
269.7894, C023, 4.337435
274.185968, C023, 3.647913
279.232029, C023, 4.842509
282.329611, C023, 4.230106
283.128987, C023, 4.438493
288.125087, C023, 3.726091
295.069666, C023, 4.106004
305.711359, C023, 4.616269
306.360852, C023, 3.84134
307.659838, C023, 5.767643
311.806601, C023, 5.286638
312.556016, C023, 3.94701
337.136828, C023, 4.14489
343.531836, C023, 4.090971
355.072827, C023, 6.072375
356.171969, C023, 4.139385
357.171189, C023, 3.78404
362.117328, C023, 3.817408
363.816002, C023, 3.888269
380.353093, C023, 3.668625
385.299232, C023, 3.545552
402.535777, C023, 3.58127
404.034607, C023, 3.937438
405.383554, C023, 3.542591
409.430395, C023, 3.661057
412.128289, C023, 3.759544
413.277392, C023, 4.555708
414.226651, C023, 3.845316
417.024467, C023, 4.701585
417.623999, C023, 4.36544
441.555318, C023, 3.59227
443.353914, C023, 4.340818
445.302393, C023, 3.800839
449.848844, C023, 3.831412
450.598259, C023, 3.71337
451.547518, C023, 5.003189
454.545178, C023, 5.329849
460.340654, C023, 4.662959
479.076029, C023, 6.980559
481.374235, C023, 4.278518
493.364875, C023, 3.980952
497.261833, C023, 3.573558
507.204072, C023, 4.214501
513.599079, C023, 3.795857
513.7989240000001, C023, 3.89938
516.0471690000001, C023, 4.346276
517.496038, C023, 4.222339
552.56866, C023, 3.766308
553.318075, C023, 3.907878
553.967568, C023, 5.36037
561.111991, C023, 3.732356
564.05969, C023, 4.375974
566.707623, C023, 3.568904
572.253294, C023, 3.731901
572.702943, C023, 5.205255
581.596001, C023, 3.903128
582.695143, C023, 3.617403
592.737304, C023, 4.216521
594.9355880000001, C023, 5.35633
595.635042, C023, 3.992957
600.980869, C023, 4.300167
603.878607, C023, 3.908268
607.3758769999999, C023, 5.801585
611.1229520000001, C023, 4.094596
625.112032, C023, 3.701054
625.561681, C023, 4.241217
629.5585610000001, C023, 3.945741
634.055051, C023, 6.763861
634.654583, C023, 4.600742
636.802906, C023, 3.683664
637.802126, C023, 4.557639
642.298616, C023, 5.020803
644.946549, C023, 3.930977
645.546081, C023, 3.860019
646.695184, C023, 3.73949
655.188554, C023, 3.595427
657.286916, C023, 3.7233
657.5367209999999, C023, 3.900568
661.583562, C023, 5.100272
664.9309490000001, C023, 3.97126
665.730325, C023, 3.573476
666.229935, C023, 3.744482
666.929389, C023, 4.356546
668.827907, C023, 3.936308
681.96765, C023, 4.10052
687.913009, C023, 4.096996
689.2619560000001, C023, 3.722998
691.809967, C023, 4.451732
692.359538, C023, 4.129416
697.205755, C023, 3.827523
702.002011, C023, 5.118848
724.5344219999999, C023, 3.554946
725.533642, C023, 4.539387
736.624984, C023, 6.210911
738.223736, C023, 3.959477
741.5711229999999, C023, 3.695582
742.520382, C023, 3.992801
758.757707, C023, 4.115603
760.706186, C023, 3.912938
770.648425, C023, 3.732627
775.644525, C023, 3.861102
776.39394, C023, 5.100393
779.0918339999999, C023, 3.633855
793.8802899999999, C023, 5.06889
796.028613, C023, 3.711536
829.652366, C023, 4.013714
830.301859, C023, 4.692412
831.35104, C023, 4.207437
836.84675, C023, 4.627298
837.84597, C023, 4.110723
843.741368, C023, 4.756732
849.586805, C023, 4.687182
855.632086, C023, 4.349909
856.83115, C023, 3.693871
861.82725, C023, 3.72647
865.874091, C023, 4.12048
868.172297, C023, 3.76095
882.3112599999999, C023, 4.015265
901.096596, C023, 4.155667
907.191838, C023, 3.847953
931.522845, C023, 3.606126
932.821831, C023, 3.545795
937.967814, C023, 5.365152
938.667268, C023, 3.927058
10.192044, C024, 81.93835
14.338807, C024, 12.71945
15.038261, C024, 11.5483
32.524611, C024, 57.03761
91.978201, C024, 49.65898
127.450511, C024, 90.65732
130.648014, C024, 12.24069
151.431791, C024, 77.38356
200.043844, C024, 36.77346
217.979843, C024, 47.36901
286.176608, C024, 54.48064
290.173488, C024, 84.04218
313.205509, C024, 34.02279
317.502155, C024, 47.05104
321.449074, C024, 61.26143
367.812882, C024, 49.15446
398.18917, C024, 35.34337
399.438195, C024, 47.75644
477.62716, C024, 56.86668
531.135391, C024, 65.74179
531.834845, C024, 47.29321
544.824705, C024, 88.60432
548.4218969999999, C024, 42.01962
616.618662, C024, 51.418
622.114372, C024, 92.25854
658.136253, C024, 71.83481
660.084732, C024, 50.26878
661.2837960000001, C024, 35.57189
663.4321189999999, C024, 15.76419
663.681924, C024, 19.87699
694.158134, C024, 68.80482
722.286177, C024, 47.33677
740.671825, C024, 53.59587
777.093394, C024, 83.09437
791.232357, C024, 44.54736
884.109856, C024, 108.5733
7.194384, C025, 16.88539
27.528511, C025, 22.41837
37.270906, C025, 12.51526
52.758816, C025, 21.56478
64.649534, C025, 13.20322
79.188185, C025, 18.30063
79.487951, C025, 21.00993
93.776797, C025, 15.11394
109.014902, C025, 13.99003
121.804918, C025, 25.54744
139.690956, C025, 18.7187
171.066464, C025, 15.63657
202.042284, C025, 44.25977
304.212529, C025, 28.87326
310.307771, C025, 14.66617
339.035346, C025, 34.29356
348.477975, C025, 13.05773
369.561517, C025, 37.8758
401.986206, C025, 32.62346
432.862104, C025, 38.3952
465.686481, C025, 36.40727
475.978447, C025, 23.52642
478.826224, C025, 15.00859
496.762223, C025, 23.26905
531.984728, C025, 13.33776
532.284494, C025, 22.83774
573.452358, C025, 36.38533
594.435978, C025, 14.59004
610.473459, C025, 27.9266
642.7482649999999, C025, 14.11969
643.097992, C025, 24.68235
686.214335, C025, 24.8054
703.251036, C025, 13.22294
709.8458879999999, C025, 13.17022
722.535982, C025, 13.04532
729.330678, C025, 13.2374
729.830288, C025, 12.51044
735.625764, C025, 12.05544
742.2206159999999, C025, 23.39946
759.357239, C025, 13.81641
800.075454, C025, 34.84829
808.36898, C025, 34.59345
824.806149, C025, 27.12586
847.538404, C025, 25.036
883.510324, C025, 20.38536
885.109076, C025, 18.81095
920.231659, C025, 19.62757
928.025575, C025, 15.54006
931.872572, C025, 12.74953
875.466603, C028, 57.18257
52.359128, C030, 15.77727
127.200706, C030, 11.11307
129.049263, C030, 18.4297
200.493493, C030, 18.62123
247.906482, C030, 11.48391
250.854181, C030, 12.74723
253.402192, C030, 9.94023
254.501334, C030, 14.57952
285.676998, C030, 11.65936
294.170368, C030, 11.08203
312.905743, C030, 18.53745
320.050166, C030, 11.87208
417.973726, C030, 10.11594
418.223531, C030, 9.174303
446.901145, C030, 19.887
448.449936, C030, 8.594068
477.12755, C030, 12.47668
494.6139, C030, 17.66356
513.349275, C030, 13.34126
560.462498, C030, 14.68687
571.204113, C030, 13.21675
659.884888, C030, 15.495
662.233055, C030, 9.345295
667.129233, C030, 9.027048
683.3665580000001, C030, 11.26773
700.353298, C030, 17.84608
702.851348, C030, 9.788998
716.140974, C030, 11.86788
818.161336, C030, 8.848535
823.906851, C030, 17.94483
839.494683, C030, 8.812622
880.612586, C030, 13.8497
901.346401, C030, 15.70568
917.7835700000001, C030, 9.457623
20.384088, C031, 6.928859
21.083542, C031, 6.916437
34.523051, C031, 6.906737
39.319307, C031, 6.145944
60.153044, C031, 7.090625
95.275627, C031, 7.400009
97.324028, C031, 6.103959
126.201486, C031, 6.052913
131.697195, C031, 8.38637
178.310809, C031, 6.678996
218.879141, C031, 7.31496
249.005624, C031, 7.443583
485.62092, C031, 6.663172
548.821585, C031, 6.262815
555.216593, C031, 6.835053
558.7138629999999, C031, 7.682371
564.05969, C031, 6.595536
596.684223, C031, 6.41953
664.8310269999999, C031, 7.779016
674.323617, C031, 6.323889
680.4688200000001, C031, 6.283974
696.406379, C031, 6.314497
789.3838, C031, 6.519047
878.31438, C031, 7.051196
908.1410969999999, C031, 6.579347
929.524405, C031, 7.735902
67.797077, C032, 7.362235
202.092245, C032, 8.184292
295.669198, C032, 7.739908
73.79239699999999, C033, 6.338107
94.07656299999999, C033, 5.719624
121.555113, C033, 7.400116
160.674576, C033, 5.793033
187.35375, C033, 6.857694
204.940022, C033, 6.279042
218.679297, C033, 8.180995
230.619976, C033, 7.258948
270.488854, C033, 5.725291
320.549776, C033, 6.692405
386.69814, C033, 6.348742
407.831643, C033, 5.475427
413.627119, C033, 6.144093
415.725481, C033, 6.22811
437.458516, C033, 6.586147
439.15719, C033, 9.133562
457.093189, C033, 5.4564
496.062769, C033, 6.544897
500.10961, C033, 6.171
515.59752, C033, 7.94204
539.5788, C033, 5.553292
545.5241590000001, C033, 5.485518
594.8356659999999, C033, 6.206909
611.572601, C033, 6.420226
637.102672, C033, 5.811587
670.326737, C033, 5.462205
697.355638, C033, 7.103355
708.646824, C033, 6.157986
754.1113340000001, C033, 6.375295
761.4056399999999, C033, 6.746525
798.776468, C033, 6.33865
835.647686, C033, 5.492754
836.6469059999999, C033, 5.975711
89.729956, C034, 11.03091
521.093229, C034, 10.59472
87.731516, C035, 8.539869
96.874379, C035, 7.64961
162.722977, C035, 7.82172
187.453672, C035, 8.836032
196.246808, C035, 7.296242
249.505234, C035, 7.384869
251.703518, C035, 7.942729
296.618457, C035, 7.286184
506.654501, C035, 7.631844
549.471078, C035, 8.266712
739.972371, C035, 7.591093
777.0434330000001, C035, 7.653472
865.3744809999999, C035, 7.289306
606.7263840000001, C036, 8.020604
5.695554, C038, 18.31672
5.99532, C038, 25.90656
29.327107, C038, 22.17452
110.213966, C038, 31.83725
204.940022, C038, 20.17231
321.598957, C038, 20.38137
331.940884, C038, 17.92009
396.540457, C038, 25.39197
398.239131, C038, 19.70798
434.710661, C038, 27.95381
498.660741, C038, 31.09624
533.58348, C038, 20.73933
545.624081, C038, 17.97416
545.923847, C038, 19.72646
546.373496, C038, 17.26817
581.795845, C038, 24.44186
585.143232, C038, 18.93621
587.04175, C038, 21.4035
588.54058, C038, 36.41268
733.877129, C038, 18.98289
753.062153, C038, 26.81141
850.036454, C038, 32.97429
855.931852, C038, 27.12072
860.578225, C038, 18.80493
153.330309, C039, 25.35788
200.593415, C039, 29.09711
208.986863, C039, 6.410004
234.566895, C039, 29.30844
242.111006, C039, 35.24134
303.912763, C039, 36.99305
347.029106, C039, 31.46712
355.272671, C039, 6.525418
355.522476, C039, 31.94844
413.727041, C039, 31.88344
470.332854, C039, 31.10508
505.855125, C039, 30.96492
565.408637, C039, 6.93488
572.203333, C039, 34.47373
846.83895, C039, 39.54183
883.660207, C039, 33.91417
936.818711, C039, 38.79415
938.017775, C039, 24.52514
939.316761, C039, 9.46155
2.99766, C040, 3.896261
8.093681, C040, 4.833847
39.219385, C040, 4.029046
40.618293, C040, 4.697792
44.215485, C040, 3.983666
72.843138, C040, 4.496215
83.085143, C040, 4.173524
89.67999500000001, C040, 3.989298
102.819738, C040, 5.470706
106.666735, C040, 4.394951
106.816618, C040, 4.502655
116.708896, C040, 4.301419
121.455191, C040, 4.160051
133.745597, C040, 5.829995
145.286588, C040, 6.048323
148.084404, C040, 4.845562
149.033663, C040, 3.950916
212.883821, C040, 3.933084
214.382651, C040, 4.251065
225.82372, C040, 4.233922
249.755039, C040, 4.615789
280.181288, C040, 4.776536
286.626257, C040, 4.764776
308.209409, C040, 4.17454
331.791001, C040, 5.360146
332.790221, C040, 4.231213
362.367133, C040, 4.403947
363.266431, C040, 4.853442
379.154029, C040, 3.966764
392.543577, C040, 4.614356
398.738741, C040, 5.038633
407.68176, C040, 3.976352
469.033868, C040, 6.105118
486.370335, C040, 4.807826
494.563939, C040, 4.243179
495.11351, C040, 4.299906
526.039368, C040, 5.022984
528.987068, C040, 4.17654
547.0229890000001, C040, 3.905557
555.966008, C040, 4.223211
580.1471320000001, C040, 4.575037
582.695143, C040, 4.360492
596.184613, C040, 5.039072
629.058951, C040, 3.902553
636.902828, C040, 4.935143
653.290036, C040, 3.955028
655.98793, C040, 4.088218
656.187774, C040, 4.047208
685.215115, C040, 4.300033
718.6390239999999, C040, 4.150807
719.588283, C040, 3.966898
769.499322, C040, 4.085423
780.39082, C040, 3.971558
811.166796, C040, 4.115649
811.616445, C040, 4.015019
813.8147290000001, C040, 4.144732
830.201937, C040, 4.847277
855.8319300000001, C040, 4.008243
860.128576, C040, 4.260928
901.546245, C040, 4.163743
918.28318, C040, 5.095662
925.0778759999999, C040, 4.126614
930.573586, C040, 4.928217
5.695554, C041, 16.19197
29.526951, C041, 15.55989
396.340613, C041, 17.6637
499.010468, C041, 14.45524
545.674042, C041, 16.84521
562.710743, C041, 14.28314
587.141672, C041, 16.52438
11.740835, C042, 100.7416
39.519151, C042, 71.9867
96.624574, C042, 93.67893
132.596494, C042, 62.81165
163.87208, C042, 69.28458
166.520013, C042, 54.31086
167.119545, C042, 48.56419
184.156246, C042, 48.31207
190.950942, C042, 80.33318
195.597315, C042, 47.54311
198.495053, C042, 81.80248
209.136746, C042, 104.7564
223.025904, C042, 70.64094
229.370951, C042, 59.83323
233.367831, C042, 66.31902
257.598915, C042, 63.55238
264.543495, C042, 104.5218
302.563816, C042, 84.41362
312.855782, C042, 56.50191
315.75352, C042, 31.94878
319.800361, C042, 104.4531
334.538856, C042, 60.00785
336.037686, C042, 51.84762
337.486555, C042, 44.25755
364.665339, C042, 98.97521
375.506876, C042, 33.22594
382.551377, C042, 57.32686
400.587298, C042, 72.9314
423.969046, C042, 52.09076
456.843384, C042, 89.01727
464.087729, C042, 84.42589
476.727862, C042, 61.08986
493.964407, C042, 39.05095
518.994868, C042, 69.1521
527.438277, C042, 51.00253
551.669362, C042, 62.57434
552.8184649999999, C042, 64.91718
556.715423, C042, 41.80949
558.514019, C042, 63.81587
571.953528, C042, 86.49485
583.0448699999999, C042, 92.0239
588.840346, C042, 100.0986
599.3321560000001, C042, 69.13955
607.875487, C042, 63.19505
614.470339, C042, 78.70893
619.5164, C042, 90.88849
641.799006, C042, 69.26563
681.917689, C042, 73.00832
707.997331, C042, 50.11426
743.969251, C042, 91.9141
751.663245, C042, 59.82715
754.1113340000001, C042, 47.12045
772.347099, C042, 73.16283
775.4446809999999, C042, 70.42777
782.88887, C042, 66.66782
788.184736, C042, 37.63233
799.1261950000001, C042, 90.50732
869.82101, C042, 47.78847
917.233999, C042, 79.37309
14.089002, C043, 52.14788
15.637793, C043, 39.19837
21.733035, C043, 46.46262
26.928979, C043, 47.99582
32.574572, C043, 49.04797
47.163184, C043, 44.27573
50.510571, C043, 37.58373
74.841578, C043, 34.8649
91.978201, C043, 32.61096
104.168685, C043, 60.72639
137.642555, C043, 49.37249
151.631635, C043, 52.06306
153.430231, C043, 33.6584
168.568414, C043, 55.34842
178.410731, C043, 33.78963
185.605115, C043, 45.68774
209.236668, C043, 42.0094
264.743339, C043, 37.57561
288.924463, C043, 33.64043
302.863582, C043, 33.74842
321.449074, C043, 43.6189
377.555277, C043, 38.0377
400.487376, C043, 40.58035
424.468656, C043, 37.98178
495.713042, C043, 55.06381
530.485898, C043, 55.23058
587.791165, C043, 37.23391
594.336056, C043, 35.36046
608.924668, C043, 52.78493
622.114372, C043, 42.81546
668.97779, C043, 34.59002
673.47428, C043, 37.63408
740.621864, C043, 41.47108
758.208136, C043, 34.80943
768.949751, C043, 36.94217
773.446241, C043, 34.77969
827.454082, C043, 32.95113
844.290939, C043, 33.5185
882.061455, C043, 57.3587
919.732049, C043, 34.31126
36.871218, C044, 14.24063
140.840059, C044, 9.496284
334.089207, C044, 11.44604
487.719282, C044, 9.362439
43.366148, C045, 5.205868
103.469231, C045, 5.183786
110.313888, C045, 5.233554
141.639435, C045, 5.463548
181.258508, C045, 5.906126
186.704257, C045, 5.651543
207.587955, C045, 5.396414
237.864321, C045, 6.20048
241.81124, C045, 6.330752
319.500595, C045, 5.283924
343.182109, C045, 6.219714
386.648179, C045, 5.324976
410.379654, C045, 5.037705
442.554538, C045, 5.279763
457.093189, C045, 5.572216
511.350835, C045, 5.375535
514.398456, C045, 5.86251
542.6264210000001, C045, 5.416773
548.971468, C045, 5.981992
614.370417, C045, 5.719608
620.465659, C045, 5.504323
626.5609009999999, C045, 5.410774
802.073894, C045, 5.298725
858.7296679999999, C045, 6.883712
905.093476, C045, 5.298517
939.916293, C045, 5.205441
3.097582, C046, 5.812958
10.142083, C046, 5.005393
31.725235, C046, 5.708813
54.357568, C046, 5.017339
54.607373, C046, 4.945258
72.69325499999999, C046, 4.801097
83.684675, C046, 5.086625
104.068763, C046, 5.703386
113.811158, C046, 4.857622
117.208506, C046, 5.224511
119.856439, C046, 4.680703
120.655815, C046, 4.679019
147.534833, C046, 5.543875
150.88222, C046, 5.121787
163.37247, C046, 5.272259
179.260068, C046, 5.798095
179.809639, C046, 5.513688
186.404491, C046, 4.765109
200.793259, C046, 6.906902
204.190607, C046, 4.993914
204.690217, C046, 5.612711
206.438852, C046, 4.937731
208.33737, C046, 5.240611
219.428712, C046, 5.143684
236.31553, C046, 5.818933
242.660577, C046, 5.644285
247.556755, C046, 4.812299
265.192988, C046, 4.722105
272.986904, C046, 4.995232
273.836241, C046, 5.157686
299.815961, C046, 4.788402
305.711359, C046, 5.612193
311.406913, C046, 5.24532
409.280512, C046, 4.897483
415.325793, C046, 5.236281
431.713001, C046, 5.294274
436.809023, C046, 5.014982
439.207151, C046, 4.738656
454.095529, C046, 5.616509
454.445256, C046, 5.450394
469.13379, C046, 5.08884
470.63262, C046, 5.898387
501.958167, C046, 5.332114
507.953487, C046, 4.822152
531.285273, C046, 5.363516
538.0300089999999, C046, 5.082922
574.951188, C046, 6.22011
599.482039, C046, 4.865693
614.320456, C046, 5.683296
617.418038, C046, 5.050466
628.00977, C046, 4.68516
650.392298, C046, 5.099679
683.766246, C046, 6.062632
724.234656, C046, 4.842223
724.884149, C046, 4.810392
734.4267, C046, 5.023348
746.317418, C046, 5.258862
771.847489, C046, 4.901335
784.88731, C046, 6.477099
799.575844, C046, 4.717501
821.308879, C046, 5.486344
893.4525630000001, C046, 4.748584
342.832382, C047, 15.64612
409.030707, C047, 12.65444
855.232398, C047, 11.44852
858.529824, C047, 11.13028
4.546451, C048, 5.146019
5.795476, C048, 5.522882
9.292745999999999, C048, 5.644903
11.241225, C048, 5.795677
14.938339, C048, 5.121898
46.663574, C048, 6.484739
48.512131, C048, 5.245867
49.011741, C048, 5.009033
56.206125, C048, 6.470277
71.94383999999999, C048, 5.798028
81.486391, C048, 5.330931
106.366969, C048, 5.382499
110.813498, C048, 4.976373
119.156985, C048, 5.817842
140.989942, C048, 6.41306
143.587914, C048, 5.13982
151.531713, C048, 5.857997
171.516113, C048, 5.92246
207.537994, C048, 6.069503
216.730818, C048, 5.27883
244.259329, C048, 5.847775
263.044665, C048, 5.180338
272.687138, C048, 5.911412
291.222669, C048, 6.043089
312.605977, C048, 5.252706
327.294511, C048, 5.041179
331.391313, C048, 5.039383
333.639558, C048, 5.26911
336.287491, C048, 7.356139
339.335112, C048, 5.168707
342.682499, C048, 5.001706
355.372593, C048, 5.715766
371.70984, C048, 5.272936
413.627119, C048, 5.162264
414.126729, C048, 5.303502
416.974506, C048, 5.477754
432.762182, C048, 5.505482
439.207151, C048, 5.297409
464.537378, C048, 5.877677
497.311794, C048, 5.116892
508.802824, C048, 6.096179
512.849664, C048, 5.410825
540.677942, C048, 6.193854
558.963668, C048, 5.067142
577.399277, C048, 5.044958
588.04097, C048, 6.178633
657.636643, C048, 6.514938
661.733445, C048, 5.461782
666.379818, C048, 6.344642
678.070692, C048, 4.998324
678.47038, C048, 5.065262
683.3665580000001, C048, 5.82206
738.973151, C048, 5.060379
741.92085, C048, 5.231829
760.706186, C048, 5.17739
763.154275, C048, 5.73741
774.195656, C048, 5.317665
778.89199, C048, 6.611389
804.771788, C048, 5.609821
812.215977, C048, 5.911596
821.608645, C048, 5.793719
843.491563, C048, 5.492447
848.237858, C048, 5.543133
875.0169540000001, C048, 5.153484
877.515004, C048, 6.291865
893.3526409999999, C048, 6.059947
909.6399269999999, C048, 5.679262
8.093681, C051, 5.949242
189.002463, C051, 6.324261
391.094708, C051, 6.04266
691.859928, C051, 5.822565
721.486801, C051, 5.208493
756.559423, C051, 6.232877
761.155835, C051, 5.284052
818.86079, C051, 5.268918
16.836857, C052, 6.047672
29.676834, C052, 7.231373
56.106203, C052, 6.892555
68.696375, C052, 7.2497
72.243606, C052, 6.364805
80.337288, C052, 6.780169
80.93682, C052, 7.95199
81.986001, C052, 6.662797
92.77757699999999, C052, 6.949282
123.103904, C052, 6.344875
131.447391, C052, 6.453083
172.36545, C052, 7.268678
189.102385, C052, 7.243062
191.400591, C052, 7.479494
202.292089, C052, 6.338099
230.370171, C052, 6.422167
239.912722, C052, 7.082208
240.712098, C052, 6.190211
241.211708, C052, 6.772056
305.811281, C052, 7.224172
319.25079, C052, 6.348275
320.999425, C052, 6.205746
323.74728, C052, 7.658043
325.146188, C052, 9.470623
330.092327, C052, 7.549246
347.72856, C052, 9.765099
353.024426, C052, 6.982485
442.954226, C052, 6.154284
454.045568, C052, 7.852827
499.060429, C052, 6.874866
550.120571, C052, 8.052668
558.114331, C052, 6.409025
564.009729, C052, 6.88372
584.693583, C052, 8.691149
603.778685, C052, 8.590059
658.086292, C052, 6.689938
681.767806, C052, 6.533569
687.213555, C052, 6.416409
699.903649, C052, 6.399759
704.400139, C052, 6.962297
740.671825, C052, 6.063059
782.8389089999999, C052, 6.36236
816.562584, C052, 6.383919
831.5009229999999, C052, 7.354681
837.096555, C052, 6.081962
846.739028, C052, 7.707334
890.155137, C052, 6.888638
908.390902, C052, 7.491175
263.694158, C053, 8.328251
618.866907, C053, 8.425064
798.776468, C053, 8.219452
32.97426, C054, 5.879192
38.120243, C054, 5.961719
178.260848, C054, 6.352318
191.100825, C054, 6.913507
264.993143, C054, 6.257797
312.106367, C054, 5.848072
326.24533, C054, 5.982311
329.642678, C054, 5.995496
336.187569, C054, 7.247018
398.68878, C054, 6.720927
443.054148, C054, 6.548794
514.248572, C054, 5.790121
530.186132, C054, 5.897661
550.6701420000001, C054, 6.004579
588.340736, C054, 6.522821
762.1550549999999, C054, 6.187881
770.198776, C054, 6.510006
840.643786, C054, 5.846934
10.441849, C055, 8.790804
169.617595, C055, 8.048481
305.811281, C055, 9.266026
665.330637, C055, 9.379855
744.818588, C055, 8.433182
788.38458, C055, 7.777809
130.94778, C057, 43.76454
448.100209, C057, 38.04038
12.090562, C058, 56.48887
17.935999, C058, 52.63623
31.025781, C058, 51.44493
47.313067, C058, 52.92579
55.906359, C058, 44.49633
58.304487, C058, 41.63039
70.045322, C058, 40.64621
76.44033, C058, 37.47786
84.034402, C058, 40.79735
85.633154, C058, 35.39633
90.42941, C058, 41.04835
97.174145, C058, 45.3936
106.566813, C058, 52.89049
118.307648, C058, 43.866
120.805698, C058, 44.72375
128.349809, C058, 38.6792
133.146065, C058, 35.50314
148.484092, C058, 44.97623
162.423211, C058, 34.92046
175.612915, C058, 51.25042
182.907221, C058, 41.08073
192.649616, C058, 41.45712
201.34283, C058, 33.2232
207.088345, C058, 37.81636
211.734718, C058, 33.44781
215.082105, C058, 38.89032
223.475553, C058, 55.34705
227.622316, C058, 34.31111
240.861981, C058, 51.22914
250.254649, C058, 32.01099
258.198447, C058, 40.02629
282.329611, C058, 37.59989
293.420953, C058, 51.92392
319.950244, C058, 41.32792
334.988505, C058, 38.85071
379.953405, C058, 48.03747
417.723921, C058, 31.45693
425.767642, C058, 35.12987
447.700521, C058, 37.54226
457.992487, C058, 43.63007
470.232932, C058, 38.52724
508.303214, C058, 50.35299
512.499938, C058, 44.82099
521.343035, C058, 41.44498
529.186912, C058, 38.55856
537.630321, C058, 55.04725
542.226733, C058, 43.10033
548.821585, C058, 37.46513
560.162732, C058, 44.27682
585.842686, C058, 47.08368
600.131532, C058, 56.62461
605.477359, C058, 42.83926
620.465659, C058, 37.34357
656.837267, C058, 40.84202
668.328297, C058, 47.31951
670.576542, C058, 45.44646
678.170614, C058, 35.72141
709.1963950000001, C058, 48.97398
719.987971, C058, 40.5434
770.2986979999999, C058, 55.75901
774.345539, C058, 48.2451
783.688246, C058, 44.32968
858.429902, C058, 43.47933
870.32062, C058, 38.41264
891.703928, C058, 37.1544
907.841331, C058, 48.5855
927.476004, C058, 39.8826
97.42395, C059, 14.98482
133.595713, C059, 15.75692
192.84946, C059, 15.14181
193.099265, C059, 6.491171
223.575475, C059, 21.07534
224.924422, C059, 6.776013
225.274149, C059, 6.939197
229.870561, C059, 15.04062
258.298369, C059, 23.33161
294.570056, C059, 8.285651
319.000985, C059, 23.68544
392.293772, C059, 12.42746
426.267252, C059, 19.03748
458.042448, C059, 18.29737
461.090069, C059, 15.04453
523.641241, C059, 12.45445
523.941007, C059, 8.104285
528.787224, C059, 16.55126
561.461718, C059, 16.98943
590.588981, C059, 15.75045
600.231454, C059, 21.2024
606.826306, C059, 18.53906
668.078492, C059, 6.345951
669.927049, C059, 19.66821
670.926269, C059, 13.0168
683.016831, C059, 12.27713
709.496161, C059, 20.90407
710.745186, C059, 11.33678
713.043392, C059, 10.23491
776.094174, C059, 8.196779
783.88809, C059, 18.79224
785.8365690000001, C059, 8.049005
787.2354769999999, C059, 14.71662
870.370581, C059, 25.26795
872.31906, C059, 6.231344
922.629787, C059, 20.30353
926.476784, C059, 10.7074
928.125497, C059, 9.191872
9.692434, C060, 65.70976
17.186584, C060, 44.25959
32.424689, C060, 38.37791
50.610493, C060, 54.28939
133.795558, C060, 43.37565
153.580114, C060, 40.83845
227.672277, C060, 54.05386
321.299191, C060, 44.16662
333.639558, C060, 45.34399
386.848023, C060, 44.66039
418.773102, C060, 37.84944
449.748922, C060, 39.17364
492.215772, C060, 54.39769
514.498378, C060, 38.30631
553.417997, C060, 38.83925
624.01289, C060, 52.52158
660.834147, C060, 39.94363
701.0527520000001, C060, 39.00587
703.750646, C060, 38.14046
775.4446809999999, C060, 41.69271
913.836651, C060, 41.28619
920.381542, C060, 42.09312
4.49649, C061, 85.27823
12.240445, C061, 19.32564
19.085102, C061, 38.44673
31.275586, C061, 68.74239
40.46841, C061, 8.955121
67.247506, C061, 107.01
94.026602, C061, 8.651239
117.458311, C061, 28.81668
161.523913, C061, 58.4612
195.84712, C061, 34.23784
210.685537, C061, 27.25849
238.663697, C061, 53.35266
267.441233, C061, 17.03175
268.990024, C061, 48.40595
270.189088, C061, 13.92318
273.036865, C061, 11.43637
279.7816, C061, 15.45532
291.77224, C061, 11.55678
295.719159, C061, 100.7811
329.7426, C061, 20.33453
332.190689, C061, 13.28485
350.176649, C061, 27.47675
361.917484, C061, 35.98414
362.916704, C061, 38.14442
380.103288, C061, 15.4951
420.621659, C061, 34.41019
451.347674, C061, 9.02513
515.747402, C061, 12.04018
525.739603, C061, 37.87043
544.5749, C061, 12.03579
565.008949, C061, 51.15438
626.710784, C061, 11.00315
632.406338, C061, 30.37202
677.171394, C061, 40.15318
680.768586, C061, 41.63688
768.550063, C061, 13.02862
829.502483, C061, 56.61527
1.748635, C062, 28.62655
19.234985, C062, 29.39574
26.029681, C062, 28.57187
31.575352, C062, 27.00367
37.670594, C062, 28.42447
40.918059, C062, 22.61965
50.760376, C062, 20.72742
61.102303, C062, 19.83957
63.250626, C062, 27.17079
65.249066, C062, 20.22451
69.54571199999999, C062, 21.20008
92.677655, C062, 28.59777
94.326368, C062, 26.25925
96.574613, C062, 21.62087
103.369309, C062, 19.87894
107.266267, C062, 23.07693
117.40835, C062, 17.03777
126.451291, C062, 26.46062
132.346689, C062, 26.24357
136.39353, C062, 15.68045
154.779178, C062, 23.14907
160.774498, C062, 19.84216
167.36935, C062, 20.26997
170.716737, C062, 17.97885
178.260848, C062, 25.18664
186.35453, C062, 24.79788
191.150786, C062, 23.21714
195.797159, C062, 24.7972
210.635576, C062, 19.51343
213.933002, C062, 19.96197
220.527854, C062, 23.7984
223.375631, C062, 14.21142
229.271029, C062, 30.69711
257.898682, C062, 22.10714
279.431873, C062, 25.61813
290.323371, C062, 27.49931
293.920563, C062, 22.13735
295.869042, C062, 14.77328
323.897163, C062, 15.24462
324.796461, C062, 25.33454
331.940884, C062, 24.19168
336.787101, C062, 22.64612
354.423334, C062, 22.2126
357.271111, C062, 25.4376
363.016626, C062, 24.28323
384.749661, C062, 27.2687
398.738741, C062, 21.66813
416.325013, C062, 26.97842
419.322673, C062, 21.40549
421.021347, C062, 21.57306
427.266472, C062, 19.96342
450.14861, C062, 25.65492
462.039328, C062, 20.10155
477.976887, C062, 22.99662
479.675561, C062, 18.25034
498.760663, C062, 28.53063
514.298534, C062, 27.01277
521.293074, C062, 23.23632
525.839525, C062, 17.10108
547.422677, C062, 18.85479
553.467958, C062, 27.66842
560.3126150000001, C062, 21.60334
563.759924, C062, 24.57255
566.05813, C062, 19.91987
571.603801, C062, 17.74177
593.586641, C062, 26.08545
602.879387, C062, 20.2824
612.222094, C062, 20.3103
614.620222, C062, 24.17766
624.462539, C062, 28.80091
627.859887, C062, 30.25354
637.7022040000001, C062, 22.72144
642.49846, C062, 25.9778
657.186994, C062, 26.30259
667.47896, C062, 29.57642
678.47038, C062, 22.81266
684.815427, C062, 20.37721
693.308797, C062, 17.41263
701.202635, C062, 22.59966
708.147214, C062, 21.74842
718.589063, C062, 24.20279
743.969251, C062, 35.62038
760.706186, C062, 21.70243
768.649985, C062, 23.7055
790.083254, C062, 14.4128
794.279978, C062, 20.17553
797.6273650000001, C062, 19.42075
799.975532, C062, 21.81522
827.454082, C062, 25.78607
830.651586, C062, 25.81215
863.775729, C062, 21.57668
869.471283, C062, 27.01297
876.166057, C062, 15.31739
879.163717, C062, 23.4056
903.644607, C062, 18.38867
917.6836479999999, C062, 23.65155
920.28162, C062, 24.72966
930.27382, C062, 31.11227
939.016995, C062, 36.14222
11.191264, C063, 93.70358
14.288846, C063, 100.9559
32.874338, C063, 56.84916
33.673714, C063, 37.59233
60.752576, C063, 84.04802
64.349768, C063, 45.47326
93.227226, C063, 92.90009
126.701096, C063, 83.36289
152.980582, C063, 89.94609
185.705037, C063, 103.4424
187.85336, C063, 30.25591
218.429492, C063, 84.31353
252.402972, C063, 97.97449
254.601256, C063, 28.75722
255.050905, C063, 27.21682
286.426413, C063, 134.9219
293.820641, C063, 44.10818
313.055626, C063, 41.37211
317.951804, C063, 55.61055
319.800361, C063, 72.297
321.948684, C063, 29.12364
355.922164, C063, 88.19495
361.467835, C063, 58.54632
385.898764, C063, 42.96221
386.448335, C063, 36.09064
389.795722, C063, 36.98867
419.722361, C063, 56.31259
449.998727, C063, 91.57604
478.926146, C063, 74.60175
481.024508, C063, 44.39099
484.721622, C063, 51.36113
513.09947, C063, 27.25525
515.147871, C063, 80.54203
554.367256, C063, 95.30095
560.712303, C063, 51.87847
594.885627, C063, 88.46971
610.923108, C063, 56.14449
622.1643330000001, C063, 88.24043
625.461759, C063, 35.12244
637.302516, C063, 98.08614
663.681924, C063, 46.5248
668.777946, C063, 55.20398
671.4758399999999, C063, 40.5564
672.175294, C063, 31.95543
703.2010749999999, C063, 67.21313
740.871669, C063, 68.71905
742.520382, C063, 32.74577
779.141795, C063, 68.45453
780.190976, C063, 28.04857
786.4860619999999, C063, 48.82457
787.685126, C063, 29.67918
790.283098, C063, 51.88666
829.102795, C063, 75.83481
835.84753, C063, 40.20572
836.447062, C063, 30.05743
839.944332, C063, 30.75481
843.541524, C063, 36.30839
864.525144, C063, 112.8446
893.502524, C063, 100.7333
897.399482, C063, 55.22863
901.246479, C063, 44.70464
901.895972, C063, 30.66531
911.188718, C063, 43.39426
912.088016, C063, 45.47646
919.682088, C063, 63.86474
5.545671, C064, 32.80285
19.185024, C064, 21.48105
28.627653, C064, 35.11679
41.96724, C064, 29.58021
64.999261, C064, 28.04751
87.881399, C064, 18.73534
130.747937, C064, 27.19373
172.265528, C064, 24.36477
179.060224, C064, 18.53512
196.396691, C064, 22.00199
202.941582, C064, 23.36621
214.382651, C064, 23.8803
219.8284, C064, 18.91894
225.024344, C064, 18.89355
236.465413, C064, 21.16526
248.80578, C064, 27.70487
290.173488, C064, 21.3422
330.891703, C064, 24.05664
340.23441, C064, 20.7371
356.72154, C064, 23.56049
370.660659, C064, 24.119
376.655979, C064, 26.22742
402.485816, C064, 27.71734
420.571698, C064, 29.4883
434.16109, C064, 21.62377
479.275873, C064, 21.89787
505.855125, C064, 25.26628
515.697442, C064, 29.70189
545.124471, C064, 22.26626
549.471078, C064, 21.56719
570.354776, C064, 23.93541
580.746664, C064, 21.14503
586.54214, C064, 20.73191
595.784925, C064, 20.39481
616.368857, C064, 23.39709
632.306416, C064, 23.55963
647.844287, C064, 27.28666
686.96375, C064, 22.0009
722.535982, C064, 24.2605
759.756927, C064, 25.57926
800.974752, C064, 28.69168
866.023974, C064, 22.11693
886.008374, C064, 20.01224
3.647153, C065, 31.58743
14.538651, C065, 44.88805
22.032801, C065, 39.64751
45.914159, C065, 24.50163
75.141344, C065, 28.69517
78.188965, C065, 32.86116
101.470791, C065, 26.24122
102.220206, C065, 25.47981
136.89314, C065, 39.02127
151.132025, C065, 24.33123
168.918141, C065, 26.13896
176.162486, C065, 30.39579
185.105505, C065, 29.50566
199.494273, C065, 40.47066
211.285069, C065, 33.67154
233.81748, C065, 27.4957
262.844821, C065, 31.94404
298.566936, C065, 24.07858
301.514635, C065, 25.15052
338.785541, C065, 25.97909
343.132148, C065, 27.65841
369.311712, C065, 27.97058
395.890964, C065, 23.7376
416.17513, C065, 25.50735
427.16655, C065, 32.7012
432.262572, C065, 25.24261
561.411757, C065, 26.20152
604.228334, C065, 33.35323
608.1252919999999, C065, 27.36029
661.133913, C065, 27.39568
678.47038, C065, 23.68662
685.165154, C065, 23.8174
719.088673, C065, 40.56961
735.42592, C065, 28.94333
778.89199, C065, 25.86685
798.126975, C065, 34.85004
843.241758, C065, 25.16047
882.910792, C065, 39.21134
930.77343, C065, 26.14468
1.348947, C066, 16.68508
28.727575, C066, 25.62067
30.276366, C066, 17.26619
53.058582, C066, 24.16236
78.43877000000001, C066, 17.88682
80.037522, C066, 19.71856
82.885299, C066, 21.03184
84.783817, C066, 15.6001
112.262367, C066, 31.28064
113.711236, C066, 15.76403
118.657375, C066, 19.59778
140.440371, C066, 27.46213
143.837719, C066, 23.93763
144.687056, C066, 23.67428
150.082844, C066, 27.38383
172.165606, C066, 23.82711
202.791699, C066, 25.6801
215.731598, C066, 22.92663
236.465413, C066, 20.77406
241.061825, C066, 15.73389
270.239049, C066, 23.05655
304.612217, C066, 18.33096
311.656718, C066, 20.92119
320.899503, C066, 18.19032
339.684839, C066, 33.41254
343.531836, C066, 15.54389
349.327312, C066, 18.11836
357.121228, C066, 27.51952
366.21413, C066, 18.24692
386.298452, C066, 19.24968
395.19151, C066, 27.58261
405.033827, C066, 17.75218
433.511597, C066, 23.4155
466.13613, C066, 19.75108
491.166591, C066, 20.16846
497.761443, C066, 22.61639
500.559259, C066, 17.59242
562.311055, C066, 32.90588
564.6092609999999, C066, 19.10397
633.555441, C066, 18.20094
686.813867, C066, 15.64958
726.083213, C066, 18.25148
727.43216, C066, 18.37958
730.030132, C066, 40.41526
796.678106, C066, 25.36323
801.973972, C066, 16.00278
802.823309, C066, 16.47636
809.618005, C066, 16.16828
821.308879, C066, 17.38341
829.552444, C066, 16.90954
837.096555, C066, 23.57401
885.658647, C066, 21.916
908.340941, C066, 16.55655
22.332567, C068, 33.19223
86.33260799999999, C068, 37.97654
215.581715, C068, 43.02642
347.378833, C068, 43.4867
353.124348, C068, 36.74186
446.251652, C068, 32.48032
808.5688239999999, C068, 51.63517
870.470503, C068, 31.71346
27.678394, C069, 9.086155
52.758816, C069, 8.75794
79.68779499999999, C069, 9.023436
370.011166, C069, 8.943089
377.505316, C069, 8.834675
198.395131, C070, 7.543265
202.042284, C070, 7.650428
15.98752, C071, 80.35139
43.116343, C071, 61.67897
128.999302, C071, 53.30176
193.598875, C071, 66.29449
197.246028, C071, 74.05998
231.81904, C071, 46.48299
258.79798, C071, 60.36354
463.438236, C071, 70.51188
494.513978, C071, 49.42505
568.55618, C071, 46.64424
571.004269, C071, 68.74806
621.964489, C071, 49.32386
639.350917, C071, 46.8125
653.339997, C071, 46.15395
662.183094, C071, 52.95159
717.340038, C071, 66.69213
720.037932, C071, 46.00242
818.2112969999999, C071, 43.51092
929.074756, C071, 61.55497
828.703107, C073, 81.02489
54.357568, C074, 16.67766
89.9298, C074, 24.23339
163.022743, C074, 29.43144
181.758118, C074, 28.54097
183.107065, C074, 19.35514
210.785459, C074, 36.35872
227.32255, C074, 20.14731
284.178168, C074, 30.10071
312.356172, C074, 27.88341
319.000985, C074, 40.23119
332.440494, C074, 26.9358
333.040026, C074, 20.33327
345.480315, C074, 15.27454
363.166509, C074, 26.80508
363.915924, C074, 16.02283
380.802742, C074, 14.52175
381.052547, C074, 18.90935
382.601338, C074, 18.66836
456.343774, C074, 22.35977
461.189991, C074, 15.45039
526.239212, C074, 24.25048
541.277474, C074, 23.38368
561.461718, C074, 29.33317
587.891087, C074, 32.86996
606.876267, C074, 18.43444
607.176033, C074, 17.59926
622.314216, C074, 28.86406
702.4516599999999, C074, 20.49623
769.998932, C074, 24.34951
771.947411, C074, 30.12666
31.275586, C075, 12.58395
54.357568, C075, 16.91562
162.972782, C075, 14.07936
181.758118, C075, 15.10203
183.306909, C075, 12.8662
210.635576, C075, 21.59993
227.122706, C075, 14.41474
281.879962, C075, 10.52736
284.527895, C075, 9.272095
319.000985, C075, 13.26751
332.290611, C075, 17.1946
345.680159, C075, 12.76472
380.852703, C075, 12.29467
456.293813, C075, 13.94117
493.514758, C075, 9.264669
521.392996, C075, 12.57977
541.377396, C075, 10.70466
561.7115230000001, C075, 10.61139
587.991009, C075, 12.39287
606.826306, C075, 17.06266
702.601543, C075, 13.2795
769.998932, C075, 9.905708
770.2986979999999, C075, 10.13448
118.107804, C077, 9.979164
120.056283, C077, 8.344204
122.90406, C077, 7.362634
219.978283, C077, 7.033815
97.57383299999999, C079, 79.99532
98.87281900000001, C079, 47.94508
99.42238999999999, C079, 39.5839
134.495012, C079, 13.98455
790.732747, C079, 120.0019
1.298986, C080, 27.27901
28.677614, C080, 36.10858
48.96178, C080, 34.65027
75.041422, C080, 29.9243
105.767437, C080, 44.73751
109.464551, C080, 36.27998
136.493452, C080, 29.80025
137.292828, C080, 27.52562
172.115645, C080, 39.24325
232.468533, C080, 29.93469
261.246068, C080, 27.98659
304.562256, C080, 28.31257
324.047046, C080, 27.83948
336.787101, C080, 30.09693
348.428014, C080, 39.6262
351.075947, C080, 27.39643
352.674699, C080, 37.91892
370.410854, C080, 30.73891
402.18605, C080, 37.41734
428.365614, C080, 30.90687
433.561558, C080, 38.6833
464.537378, C080, 27.11431
466.236052, C080, 29.93946
471.681801, C080, 30.1046
497.661521, C080, 32.72959
554.3172949999999, C080, 37.86435
574.001929, C080, 33.79327
611.422718, C080, 29.30426
626.810706, C080, 34.02495
643.647563, C080, 33.79404
659.535161, C080, 30.09527
702.002011, C080, 39.3092
732.078533, C080, 36.08376
747.41656, C080, 31.39015
749.065273, C080, 29.84128
798.3767800000001, C080, 36.37245
800.924791, C080, 33.0715
849.1871169999999, C080, 33.43585
883.9100120000001, C080, 43.21462
301.914323, C081, 12.63831
104.818178, C082, 11.2102
264.84326, C082, 10.34486
34.722895, C084, 84.18488
64.999261, C084, 24.92629
122.604294, C084, 106.1106
164.37169, C084, 49.8234
170.516893, C084, 73.81951
193.598875, C084, 85.18639
204.040724, C084, 68.67339
230.170327, C084, 83.74486
263.79408, C084, 48.53379
266.042325, C084, 46.43626
278.582536, C084, 35.60788
299.865922, C084, 73.67596
311.306991, C084, 45.48046
316.353052, C084, 57.05652
383.20087, C084, 25.37151
393.542797, C084, 23.06542
411.17903, C084, 49.92616
414.6763, C084, 108.6585
426.766862, C084, 43.20591
463.588119, C084, 35.99364
473.780163, C084, 36.70469
494.663861, C084, 46.77564
524.940227, C084, 24.04814
537.330555, C084, 32.30553
574.701383, C084, 28.80474
621.065191, C084, 52.46196
808.918551, C084, 73.01896
810.317459, C084, 53.04063
842.742148, C084, 27.17461
856.681267, C084, 41.8221
928.675068, C084, 64.80081
14.788456, C085, 68.95398
17.935999, C085, 8.985928
23.631553, C085, 52.69183
56.056242, C085, 6.981963
77.989121, C085, 8.991795
104.218646, C085, 43.12299
120.955581, C085, 32.53848
175.86272, C085, 31.59395
181.108625, C085, 12.78946
185.005583, C085, 32.0742
316.053286, C085, 24.73992
343.331992, C085, 36.37767
365.814442, C085, 31.53611
444.602939, C085, 32.91348
563.709963, C085, 52.73037
564.958988, C085, 30.81452
662.532821, C085, 15.10348
720.087893, C085, 8.182484
726.1331740000001, C085, 13.75941
739.123034, C085, 30.29246
839.3448, C085, 68.90995
841.243318, C085, 25.72418
842.242538, C085, 8.925304
842.941992, C085, 8.083752
6.794696, C086, 22.24423
19.834517, C086, 14.38236
31.175664, C086, 18.1912
35.97192, C086, 25.46228
41.117903, C086, 13.57935
50.410649, C086, 18.72655
65.299026, C086, 15.05005
69.59567300000001, C086, 21.57604
95.37554900000001, C086, 13.58345
96.874379, C086, 24.57795
132.796337, C086, 27.54409
138.192126, C086, 14.98864
154.779178, C086, 16.95599
169.967322, C086, 20.44821
187.753438, C086, 16.20387
191.550474, C086, 13.81933
198.794819, C086, 16.70964
229.370951, C086, 17.1525
255.350671, C086, 14.62676
258.248408, C086, 14.28211
296.668418, C086, 14.80104
334.7387, C086, 16.39681
337.786321, C086, 20.11692
380.003366, C086, 18.94678
400.637259, C086, 18.30104
421.071308, C086, 19.08299
431.66304, C086, 17.73474
453.196231, C086, 14.58621
457.692721, C086, 23.23118
480.974547, C086, 15.97098
523.891045, C086, 19.66515
528.4874569999999, C086, 18.42649
540.528059, C086, 20.87444
551.919167, C086, 16.32212
554.916827, C086, 17.00994
563.510119, C086, 17.52901
565.4585980000001, C086, 15.47129
572.253294, C086, 16.07159
583.344636, C086, 17.7006
600.131532, C086, 17.09524
608.724824, C086, 18.81081
668.228375, C086, 26.90714
670.97623, C086, 18.6803
684.665544, C086, 15.65308
689.361878, C086, 17.59423
766.40174, C086, 16.53943
775.644525, C086, 13.75391
783.788168, C086, 21.47181
790.133215, C086, 22.45193
917.983414, C086, 22.58921
13.539431, C087, 32.62413
14.888378, C087, 29.15749
17.236545, C087, 19.33547
20.883698, C087, 10.85222
21.98284, C087, 35.7313
23.581592, C087, 12.46534
23.831397, C087, 15.78863
57.754916, C087, 14.67204
59.45359, C087, 37.59965
71.344308, C087, 14.90696
74.74165600000001, C087, 13.06523
93.52699200000001, C087, 13.70572
102.819738, C087, 27.2686
125.252227, C087, 24.07462
130.697976, C087, 13.25261
150.982142, C087, 25.40061
158.726097, C087, 14.3386
159.925161, C087, 14.50323
171.516113, C087, 17.4824
194.448212, C087, 19.90911
195.34751, C087, 17.96856
223.175787, C087, 14.11404
228.571575, C087, 19.1703
229.870561, C087, 15.46611
257.948643, C087, 19.5009
266.79174, C087, 12.72208
286.026725, C087, 17.47625
290.023605, C087, 13.12393
294.869822, C087, 16.84714
316.952584, C087, 28.95688
353.573997, C087, 24.39132
381.901884, C087, 16.86525
390.495176, C087, 18.34334
391.844123, C087, 24.32054
395.641159, C087, 29.29289
455.294593, C087, 18.6796
456.393735, C087, 23.17406
456.893345, C087, 21.47753
465.986247, C087, 24.44943
493.414836, C087, 22.41837
520.493698, C087, 12.3277
521.742722, C087, 15.96226
523.491358, C087, 17.18317
526.289174, C087, 23.39513
529.08699, C087, 12.41269
533.58348, C087, 12.6577
552.019089, C087, 15.28241
555.56632, C087, 16.80679
577.399277, C087, 15.06337
587.741204, C087, 30.63823
591.887967, C087, 12.7578
610.3735370000001, C087, 13.9015
621.464879, C087, 11.89514
641.199474, C087, 19.51257
643.097992, C087, 48.0787
663.781846, C087, 14.94508
666.130013, C087, 20.47722
668.028531, C087, 11.42111
668.927829, C087, 12.4829
670.7264249999999, C087, 27.33848
673.524241, C087, 10.81711
674.273656, C087, 17.11024
675.422759, C087, 21.13851
678.920029, C087, 12.92198
682.267416, C087, 12.06687
684.215895, C087, 11.28111
686.2642959999999, C087, 32.81216
693.009031, C087, 14.08957
704.000451, C087, 13.19767
705.898969, C087, 14.84907
708.147214, C087, 11.53272
738.773307, C087, 11.84223
740.322098, C087, 11.67429
770.098854, C087, 31.76575
772.147255, C087, 19.07847
773.446241, C087, 15.97777
775.294798, C087, 16.01685
780.790508, C087, 17.04791
792.681226, C087, 13.88341
826.055174, C087, 37.0142
842.84207, C087, 25.12599
862.776509, C087, 19.97885
866.373701, C087, 11.93599
869.271439, C087, 23.35469
875.616486, C087, 10.96828
876.4158619999999, C087, 23.6263
878.7640290000001, C087, 18.78885
885.159037, C087, 28.23918
908.740629, C087, 16.15317
914.186378, C087, 13.02557
916.2847400000001, C087, 12.04128
926.6766280000001, C087, 13.0938
19.085102, C088, 15.31993
19.334907, C088, 21.85089
35.322427, C088, 41.43925
37.720555, C088, 44.84306
75.94072, C088, 19.07966
91.728396, C088, 20.82601
94.176485, C088, 37.4098
121.055503, C088, 30.20344
121.455191, C088, 21.6914
148.683936, C088, 22.73276
161.124225, C088, 18.45269
175.762798, C088, 26.98563
184.605895, C088, 21.19287
220.477893, C088, 34.02933
285.627037, C088, 28.60006
288.77458, C088, 20.03885
293.520875, C088, 50.0529
299.26639, C088, 34.36876
310.357732, C088, 45.66252
312.805821, C088, 15.13582
316.053286, C088, 32.78811
320.150088, C088, 38.64135
324.646578, C088, 27.71484
343.282031, C088, 31.83786
346.629418, C088, 29.40871
353.124348, C088, 30.31011
357.071267, C088, 17.57926
365.814442, C088, 30.06416
383.001026, C088, 27.1715
394.841783, C088, 33.13158
410.629459, C088, 32.39645
440.106449, C088, 39.87563
444.602939, C088, 37.34967
474.029968, C088, 23.6243
484.022168, C088, 38.47484
509.252473, C088, 21.14913
512.699782, C088, 34.5127
563.2103530000001, C088, 46.11998
585.792725, C088, 19.68875
620.7654250000001, C088, 35.92648
627.660043, C088, 29.85374
640.849747, C088, 31.15332
660.634303, C088, 24.84922
662.382938, C088, 43.68661
684.0160509999999, C088, 26.17543
726.083213, C088, 32.2331
729.980171, C088, 28.28317
730.829508, C088, 23.43202
731.878689, C088, 24.75055
735.375959, C088, 16.27449
756.459501, C088, 23.40374
797.5274429999999, C088, 17.94259
808.269058, C088, 32.50908
819.460322, C088, 37.12944
821.658606, C088, 35.73827
825.655486, C088, 16.04503
830.35182, C088, 26.35691
840.84363, C088, 20.54587
842.142616, C088, 21.86069
844.091095, C088, 15.39633
858.579785, C088, 30.97242
891.9537330000001, C088, 18.35225
892.902992, C088, 21.08824
30.47621, C089, 35.43
53.758036, C089, 37.77094
54.407529, C089, 42.52935
80.78693699999999, C089, 50.32036
82.135884, C089, 33.87387
109.9142, C089, 63.09591
113.41147, C089, 39.50578
119.656595, C089, 29.44319
140.790098, C089, 65.0598
142.788538, C089, 32.93122
172.665216, C089, 37.50166
177.611355, C089, 27.92562
203.391231, C089, 27.19596
208.187487, C089, 34.88808
244.509134, C089, 55.07246
344.531056, C089, 27.15506
393.842563, C089, 51.76728
403.035387, C089, 35.41055
403.634919, C089, 36.82742
407.332033, C089, 26.84467
434.510817, C089, 36.65498
437.108789, C089, 30.644
466.785623, C089, 41.47911
467.584999, C089, 26.84576
499.510078, C089, 61.82623
528.08777, C089, 28.38567
544.824705, C089, 41.93682
550.370376, C089, 36.46554
577.199433, C089, 29.94003
612.072211, C089, 32.0818
613.870807, C089, 42.8605
697.4055990000001, C089, 46.92918
753.91149, C089, 50.2098
764.90291, C089, 32.81152
768.0504529999999, C089, 29.45142
804.222217, C089, 50.37766
854.732788, C089, 37.1269
860.278459, C089, 27.38023
886.0583350000001, C089, 40.64356
888.256619, C089, 34.01005
11.441069, C090, 112.0136
29.277146, C090, 107.596
65.14914400000001, C090, 103.8639
154.629295, C090, 80.40049
357.321072, C090, 82.947
490.666981, C090, 82.31636
743.91929, C090, 84.93248
58.554292, C091, 57.7777
84.034402, C091, 66.14908
94.376329, C091, 59.50149
118.607414, C091, 61.12698
211.035264, C091, 74.36621
227.372511, C091, 78.57138
281.580196, C091, 58.46973
380.652859, C091, 65.23506
520.843425, C091, 66.64876
525.639681, C091, 60.67335
561.161952, C091, 56.59333
607.02615, C091, 64.12329
677.121433, C091, 147.1993
773.346319, C091, 77.47454
935.819491, C091, 77.11926
7.194384, C092, 2.935554
7.294306, C092, 51.87908
82.785377, C092, 47.98023
147.734677, C092, 33.61416
196.096925, C092, 22.1334
208.587175, C092, 53.43435
210.635576, C092, 34.01682
212.284289, C092, 32.06692
212.883821, C092, 14.06754
214.182807, C092, 39.3483
239.463073, C092, 72.13708
263.993924, C092, 20.27345
267.890881, C092, 34.75011
268.490414, C092, 3.119755
268.590336, C092, 43.47505
269.939283, C092, 4.106567
270.139127, C092, 25.84385
270.738659, C092, 11.10388
273.036865, C092, 50.20183
274.28589, C092, 3.292152
274.385812, C092, 7.187614
277.28355, C092, 31.47888
277.933043, C092, 9.81588
280.830781, C092, 5.271271
295.869042, C092, 3.874798
296.018925, C092, 33.84085
331.691079, C092, 32.89784
379.20399, C092, 32.05572
393.043187, C092, 15.51313
393.69268, C092, 38.59723
395.341393, C092, 10.06933
403.085348, C092, 4.559365
403.285192, C092, 83.57547
405.933125, C092, 2.763397
406.033047, C092, 6.963051
406.18293, C092, 25.64149
407.082228, C092, 19.13214
443.703641, C092, 22.79213
444.203251, C092, 17.43817
446.251652, C092, 5.502419
467.235272, C092, 37.21448
468.883985, C092, 50.24692
469.783283, C092, 5.774002
472.331294, C092, 2.733639
472.880865, C092, 45.53086
498.660741, C092, 7.181031
498.960507, C092, 31.52967
499.560039, C092, 27.32803
500.209532, C092, 3.532776
500.359415, C092, 12.59916
501.458557, C092, 34.95105
503.357075, C092, 31.27298
504.056529, C092, 5.369324
504.206412, C092, 2.521194
504.356295, C092, 4.290771
504.456217, C092, 2.626434
504.6061, C092, 3.812492
504.905866, C092, 3.015388
507.853565, C092, 21.15993
511.300874, C092, 45.01403
512.3000929999999, C092, 10.26658
653.339997, C092, 28.63856
653.939529, C092, 17.35331
655.98793, C092, 40.90822
697.705365, C092, 38.28131
734.027012, C092, 36.84026
734.9263099999999, C092, 12.93072
754.511022, C092, 58.56108
760.456381, C092, 3.094928
760.606264, C092, 51.61198
761.555523, C092, 8.651505
762.40486, C092, 26.43372
763.054353, C092, 5.475517
763.254197, C092, 5.762711
763.454041, C092, 2.830444
763.553963, C092, 5.93441
763.7538070000001, C092, 4.551933
764.003612, C092, 3.495667
764.103534, C092, 6.216827
764.253417, C092, 3.890144
771.0481129999999, C092, 2.818848
772.796748, C092, 6.46697
796.7780279999999, C092, 32.55087
797.827209, C092, 11.41201
856.731228, C092, 19.56157
857.130916, C092, 42.90327
861.0778350000001, C092, 43.52665
867.023194, C092, 2.655993
8.393447999999999, C093, 64.10467
29.427029, C093, 95.37744
38.769736, C093, 121.2418
53.608153, C093, 85.82092
57.155384, C093, 63.95635
58.804097, C093, 58.29128
61.95164, C093, 63.83712
69.19598499999999, C093, 79.91882
80.387249, C093, 81.80489
82.135884, C093, 59.96921
89.330268, C093, 80.54299
96.524652, C093, 69.85331
109.964161, C093, 79.29785
112.562133, C093, 71.31848
116.009442, C093, 68.22925
119.656595, C093, 59.73031
140.790098, C093, 75.62519
142.738577, C093, 82.84554
147.38495, C093, 56.94312
163.322509, C093, 82.54575
172.465372, C093, 85.65968
174.313929, C093, 57.02508
177.511433, C093, 68.84675
191.050864, C093, 57.53427
202.941582, C093, 85.30025
208.687097, C093, 73.81139
222.576255, C093, 80.8287
228.621536, C093, 78.25413
267.740999, C093, 62.81364
278.582536, C093, 63.05238
281.380352, C093, 57.08546
315.503715, C093, 70.89087
344.481095, C093, 56.47218
345.780081, C093, 64.73142
350.776181, C093, 84.54361
411.978406, C093, 59.3878
423.869124, C093, 65.1874
442.204811, C093, 92.95418
493.714602, C093, 61.08937
503.10727, C093, 57.80373
527.188472, C093, 68.35509
541.07763, C093, 69.65681
546.773184, C093, 67.65091
576.849706, C093, 56.40582
578.898107, C093, 101.4244
648.6436629999999, C093, 61.98893
698.254936, C093, 76.65195
733.5274020000001, C093, 87.54973
753.711646, C093, 61.38436
771.947411, C093, 63.57645
807.519643, C093, 64.96359
812.3158989999999, C093, 67.44465
814.014573, C093, 58.77843
903.045075, C093, 71.08943
13.939119, C094, 68.56111
15.188144, C094, 73.39436
22.032801, C094, 57.23934
22.882138, C094, 46.91266
32.724455, C094, 112.8173
49.361468, C094, 48.20959
75.09138299999999, C094, 45.87705
76.04064200000001, C094, 35.27035
105.867359, C094, 47.97821
108.515292, C094, 49.51136
137.043023, C094, 30.15489
167.669116, C094, 58.88968
168.818219, C094, 41.28782
191.500513, C094, 48.25778
218.679297, C094, 50.96497
252.402972, C094, 29.28272
260.746459, C094, 80.16171
266.34209, C094, 44.88009
323.297631, C094, 36.51866
336.73714, C094, 46.99505
338.785541, C094, 41.43764
416.17513, C094, 44.77322
428.065848, C094, 31.32211
428.565458, C094, 26.45795
463.787963, C094, 27.95511
464.387495, C094, 69.97636
494.813744, C094, 38.63615
496.912106, C094, 32.87701
529.886365, C094, 76.85353
572.902787, C094, 42.67653
604.228334, C094, 30.87819
608.175253, C094, 41.77658
608.8747069999999, C094, 45.22708
685.6148030000001, C094, 31.40533
717.839648, C094, 25.84188
720.8872689999999, C094, 51.21198
778.792068, C094, 43.00397
784.787388, C094, 45.44101
799.575844, C094, 48.40509
844.590705, C094, 48.39197
845.589925, C094, 53.01467
880.762469, C094, 26.70686
881.6617670000001, C094, 27.55057
882.211338, C094, 27.83238
51.210025, C095, 106.3454
77.93916, C095, 123.8656
93.17726500000001, C095, 51.4029
93.776797, C095, 81.80618
130.148405, C095, 99.09387
138.991502, C095, 124.2281
185.605115, C095, 73.84605
187.153906, C095, 105.8146
200.743298, C095, 113.9667
201.892401, C095, 36.14951
218.029804, C095, 91.05033
219.428712, C095, 37.49895
219.678517, C095, 63.07756
219.928322, C095, 33.88094
234.666817, C095, 61.33036
235.066505, C095, 53.31956
254.101646, C095, 78.39977
255.150827, C095, 93.72211
267.341311, C095, 46.11974
282.429533, C095, 35.4169
285.177388, C095, 74.7115
287.925243, C095, 56.3117
289.424073, C095, 108.1828
294.969744, C095, 68.87433
317.701999, C095, 97.77771
321.349152, C095, 36.34334
323.947124, C095, 97.82231
338.985385, C095, 98.29812
351.475635, C095, 113.7236
355.622398, C095, 132.9465
369.21179, C095, 57.68193
369.511556, C095, 100.114
377.70516, C095, 84.59341
382.001806, C095, 133.1236
386.498296, C095, 41.84853
399.538117, C095, 38.53647
450.898025, C095, 79.94483
465.936286, C095, 34.54319
466.13613, C095, 68.20813
479.076029, C095, 90.26237
515.797364, C095, 46.98924
531.884806, C095, 115.4004
555.266554, C095, 82.73025
594.386017, C095, 104.1874
594.985549, C095, 47.36578
610.2736149999999, C095, 96.03406
621.914528, C095, 123.0879
626.161213, C095, 38.95292
626.610862, C095, 48.2823
640.649903, C095, 38.00681
641.848967, C095, 105.0998
662.98247, C095, 34.67789
663.332197, C095, 81.83188
663.831807, C095, 36.79963
685.564842, C095, 128.2712
719.3884389999999, C095, 63.448
720.837308, C095, 100.4024
721.986411, C095, 68.14551
742.470421, C095, 108.7193
774.295578, C095, 37.15547
779.791288, C095, 127.9376
826.3549400000001, C095, 51.12373
828.85299, C095, 73.75287
829.402561, C095, 37.40005
865.124676, C095, 145.129
884.109856, C095, 87.19521
900.0973760000001, C095, 81.4986
913.187158, C095, 108.1852
930.673508, C095, 42.74535
931.023235, C095, 76.61213
18.585492, C097, 41.49441
40.218605, C097, 32.87833
40.718215, C097, 15.53007
43.016421, C097, 51.63764
43.815797, C097, 47.27265
44.615173, C097, 23.66225
46.46373, C097, 41.26057
128.000081, C097, 23.84562
130.797898, C097, 84.78522
131.947001, C097, 17.21659
160.474732, C097, 48.01057
164.021963, C097, 63.03749
166.669896, C097, 23.82301
168.86818, C097, 81.75037
191.050864, C097, 28.05237
191.950162, C097, 53.52693
229.121146, C097, 39.39619
336.187569, C097, 95.7153
339.934644, C097, 111.814
341.433474, C097, 18.09967
341.73324, C097, 6.005447
342.082967, C097, 11.14056
342.482655, C097, 6.742371
342.682499, C097, 11.04004
344.581017, C097, 37.63872
371.010386, C097, 77.81217
372.609138, C097, 56.27951
374.357773, C097, 56.1011
375.107188, C097, 21.14832
402.985426, C097, 118.1119
404.983866, C097, 15.86226
405.283632, C097, 52.57726
407.132189, C097, 27.91124
408.281292, C097, 20.20836
408.780902, C097, 6.174255
434.710661, C097, 53.01425
435.510037, C097, 6.943573
435.609959, C097, 34.73991
436.209491, C097, 7.824585
436.359374, C097, 44.46064
437.358594, C097, 11.11018
437.608399, C097, 7.645996
442.404655, C097, 15.94381
442.804343, C097, 28.55514
443.15407, C097, 16.30025
455.64432, C097, 11.71373
527.438277, C097, 33.53011
528.037809, C097, 20.6501
528.387535, C097, 9.16029
530.286054, C097, 9.173748
530.435936, C097, 23.79104
530.685742, C097, 15.79953
583.294675, C097, 36.99687
588.340736, C097, 85.14202
589.5398, C097, 25.60149
589.939488, C097, 12.658
664.531261, C097, 65.71008
665.530481, C097, 61.31689
666.97935, C097, 10.44722
667.578882, C097, 32.58809
674.623383, C097, 6.092068
752.41266, C097, 80.23377
849.137156, C097, 28.45942
849.636766, C097, 42.78944
850.286259, C097, 42.81302
851.035674, C097, 43.16756
851.984933, C097, 16.96341
852.384621, C097, 8.157211
852.534504, C097, 17.52458
852.884231, C097, 12.00247
853.283919, C097, 8.15799
853.83349, C097, 6.208374
854.4330220000001, C097, 7.883987
913.486924, C097, 75.41115
914.8858320000001, C097, 20.05663
915.235559, C097, 11.12102
915.5353249999999, C097, 6.122749
915.635247, C097, 18.17525
916.084896, C097, 10.28764
917.184038, C097, 6.874527
917.28396, C097, 25.23943
109.714356, C099, 41.44269
643.747485, C099, 38.32338
645.596042, C099, 36.47572
73.392709, C100, 67.05174
106.966501, C100, 57.39891
218.579375, C100, 77.11265
231.719118, C100, 70.03173
267.341311, C100, 48.53137
282.77926, C100, 61.70247
294.170368, C100, 49.0234
312.955704, C100, 51.79562
339.634878, C100, 51.39708
343.182109, C100, 53.13033
417.973726, C100, 46.99913
433.311753, C100, 46.849
439.257112, C100, 60.78439
444.503017, C100, 61.214
539.328995, C100, 66.50368
627.460199, C100, 77.79786
631.956689, C100, 71.8715
716.041052, C100, 53.38297
722.3860989999999, C100, 51.1927
808.269058, C100, 56.91019
823.906851, C100, 47.07142
830.451742, C100, 82.93864
832.300299, C100, 74.70066
835.747608, C100, 136.0933
839.144956, C100, 48.85797
839.994293, C100, 54.96252
897.899092, C100, 57.06966
934.570466, C100, 99.37427
20.98362, C101, 153.1848
59.853278, C101, 120.2696
131.597274, C101, 156.7717
163.472392, C101, 194.9503
228.671497, C101, 89.05277
300.415493, C101, 70.5307
316.652818, C101, 135.683
382.551377, C101, 65.41391
383.750441, C101, 102.9712
596.484379, C101, 187.7044
679.319717, C101, 145.2724
680.119093, C101, 57.4509
705.94893, C101, 143.6822
749.91461, C101, 118.6282
754.211256, C101, 120.4728
772.047333, C101, 118.7123
775.194876, C101, 96.60989
9.192824, C102, 63.86657
13.98908, C102, 32.02533
16.48713, C102, 76.9924
25.97972, C102, 81.31612
50.760376, C102, 43.41556
52.808777, C102, 48.38631
107.865799, C102, 50.09808
137.292828, C102, 37.76184
139.541073, C102, 44.23709
157.726877, C102, 37.41161
170.167166, C102, 49.70138
220.228088, C102, 46.34153
221.527074, C102, 37.50736
266.841701, C102, 45.51962
290.123527, C102, 66.72668
293.071226, C102, 36.19709
303.313231, C102, 38.34813
324.446734, C102, 32.33236
329.193029, C102, 31.41282
339.085307, C102, 36.22383
368.362453, C102, 46.06932
386.897984, C102, 49.18874
400.68722, C102, 44.44584
421.271152, C102, 32.03545
431.413235, C102, 34.90513
464.687261, C102, 78.85403
479.6256, C102, 44.16711
488.768463, C102, 51.58997
490.666981, C102, 45.88073
496.012808, C102, 37.70775
515.947246, C102, 38.8231
520.543659, C102, 39.66655
521.892606, C102, 34.63084
526.289174, C102, 31.03531
530.036249, C102, 47.03091
555.266554, C102, 40.81922
557.664682, C102, 33.56371
559.5632000000001, C102, 37.33222
572.353216, C102, 34.51849
595.884847, C102, 33.05868
607.675643, C102, 41.23924
679.069912, C102, 53.32999
683.616363, C102, 31.43119
758.308058, C102, 49.41364
866.423662, C102, 35.24374
913.936573, C102, 49.68453
939.466644, C102, 56.16166
10.841537, C103, 120.4895
18.635453, C103, 95.78014
27.778316, C103, 140.3559
36.871218, C103, 127.2701
52.858738, C103, 129.6815
64.59957300000001, C103, 96.43101
79.587873, C103, 112.6318
93.776797, C103, 90.79783
109.264707, C103, 100.4882
121.40523, C103, 69.36648
122.954021, C103, 82.55528
130.198366, C103, 88.54505
139.990722, C103, 105.6885
153.630075, C103, 147.5963
171.566074, C103, 95.85381
175.812759, C103, 136.2472
187.153906, C103, 103.6418
202.441972, C103, 115.4116
219.628556, C103, 106.4221
235.865881, C103, 87.42112
252.852621, C103, 101.6561
255.100866, C103, 95.1657
266.991584, C103, 106.3126
282.679338, C103, 89.70902
304.062646, C103, 112.0637
310.507615, C103, 83.41339
323.797241, C103, 93.71498
339.085307, C103, 137.9504
343.182109, C103, 126.7467
346.829262, C103, 115.5451
369.961205, C103, 103.7775
385.848803, C103, 71.24178
401.986206, C103, 116.8503
420.072088, C103, 107.7882
433.211831, C103, 121.4761
444.503017, C103, 88.16192
450.997947, C103, 109.0902
458.242292, C103, 80.99309
465.886325, C103, 109.7416
478.776263, C103, 109.8782
497.11195, C103, 120.2216
515.547559, C103, 110.5408
532.484338, C103, 107.2836
555.266554, C103, 108.6865
573.602241, C103, 130.3972
594.685783, C103, 89.20245
600.331376, C103, 121.4213
610.423498, C103, 101.2826
626.460979, C103, 71.87181
638.00197, C103, 73.00941
642.698304, C103, 138.6809
663.182314, C103, 122.2248
672.824787, C103, 110.4705
686.2642959999999, C103, 96.26661
703.350958, C103, 79.36509
709.396239, C103, 117.4342
713.94269, C103, 94.2576
722.336138, C103, 72.51669
729.730366, C103, 114.8063
731.978611, C103, 78.61136
735.825608, C103, 103.8676
741.621084, C103, 114.4036
758.757707, C103, 129.7454
779.89121, C103, 120.9711
800.425181, C103, 105.5131
808.36898, C103, 71.38028
822.657826, C103, 116.2577
847.638326, C103, 107.5247
865.424442, C103, 104.7908
885.3089199999999, C103, 117.4565
900.497064, C103, 91.81288
913.237119, C103, 145.6067
11.441069, C104, 160.8587
19.085102, C104, 142.9723
55.556632, C104, 167.6734
81.686235, C104, 151.1039
83.58475300000001, C104, 124.3322
87.63159400000001, C104, 129.3511
109.664395, C104, 130.9734
117.90796, C104, 145.1301
123.953241, C104, 119.6679
144.087524, C104, 123.5179
164.821339, C104, 143.9907
176.212447, C104, 139.1835
207.038384, C104, 160.5379
214.282729, C104, 133.8534
224.524734, C104, 116.2709
269.28979, C104, 126.5888
340.284371, C104, 134.2593
370.760581, C104, 138.3216
409.230551, C104, 163.3255
434.16109, C104, 162.3384
505.705242, C104, 165.008
536.681062, C104, 123.7546
579.197873, C104, 125.707
615.969169, C104, 164.8389
647.294716, C104, 138.9857
722.535982, C104, 149.0879
738.723346, C104, 120.8517
815.9630519999999, C104, 140.8665
835.597725, C104, 130.5582
849.636766, C104, 139.5431
906.842111, C104, 143.7908
10.99142, C111, 41.48444
14.588612, C111, 82.61997
22.332567, C111, 40.2468
22.882138, C111, 41.81078
52.509011, C111, 47.36441
60.552732, C111, 43.55894
62.800977, C111, 58.76589
93.477031, C111, 33.5053
101.720596, C111, 39.60213
105.018022, C111, 41.3441
109.564473, C111, 31.89037
199.993883, C111, 30.96968
202.142206, C111, 52.92151
234.866661, C111, 41.32474
241.661357, C111, 48.64008
289.873722, C111, 36.50072
298.716819, C111, 32.46061
303.712919, C111, 45.33708
339.135268, C111, 36.00591
369.761361, C111, 47.33901
419.972166, C111, 42.66284
433.261792, C111, 36.81489
466.086169, C111, 29.98951
515.647481, C111, 30.94572
554.267334, C111, 46.60658
594.585861, C111, 31.92425
637.802126, C111, 78.62735
673.624163, C111, 48.4819
702.002011, C111, 51.98956
709.4462, C111, 55.89106
779.491522, C111, 44.96104
800.125415, C111, 33.94852
844.0411340000001, C111, 29.8356
864.6250659999999, C111, 47.12918
902.29566, C111, 40.12757
918.483024, C111, 31.13297
89.729956, C114, 7.504112
119.057063, C114, 60.66998
183.206987, C114, 8.131697
184.655856, C114, 29.9445
208.986863, C114, 8.102167
215.931442, C114, 57.09698
249.455273, C114, 9.760852
263.943963, C114, 48.04784
294.320251, C114, 30.39501
383.20087, C114, 26.45304
493.264953, C114, 10.45737
499.61, C114, 110.5484
501.508518, C114, 7.96209
501.708362, C114, 19.12122
502.207972, C114, 7.932251
502.407816, C114, 12.6116
503.157231, C114, 8.641571
521.093229, C114, 9.759834
550.020649, C114, 9.672465
561.511679, C114, 106.7072
564.7091830000001, C114, 49.08174
590.588981, C114, 28.29417
606.576501, C114, 24.47794
607.076111, C114, 39.34871
631.906728, C114, 6.575877
669.777166, C114, 48.17331
674.923149, C114, 66.41776
676.521901, C114, 13.93293
739.92241, C114, 9.783821
753.91149, C114, 125.9146
793.580524, C114, 53.23383
797.077794, C114, 43.49121
868.222258, C114, 65.05971
869.471283, C114, 10.22385
917.733609, C114, 35.76094
938.217619, C114, 6.560973
